Country,Year,Count,Count_median,Count_min,Count_max,WHO Region
Afghanistan, 2018,7200[4100–11000],7200,4100,11000,Eastern Mediterranean
Albania, 2018,na,,,,Europe
Algeria, 2018,16000[15000–17000],16000,15000,17000,Africa
Angola, 2018,330000[290000–390000],330000,290000,390000,Africa
Argentina, 2018,140000[130000–150000],140000,130000,150000,Americas
Armenia, 2018,3500[3000–4400],3500,3000,4400,Europe
Australia, 2018,28000[23000–31000],28000,23000,31000,Western Pacific
Austria, 2018,na,,,,Europe
Azerbaijan, 2018,na,,,,Europe
Bahamas, 2018,6000[5300–6700],6000,5300,6700,Americas
Bahrain, 2018,na,,,,Eastern Mediterranean
Bangladesh, 2018,14000[12000–16000],14000,12000,16000,South-East Asia
Barbados, 2018,3000[2700–3400],3000,2700,3400,Americas
Belarus, 2018,27000[22000–34000],27000,22000,34000,Europe
Belgium, 2018,na,,,,Europe
Belize, 2018,4900[4400–5400],4900,4400,5400,Americas
Benin, 2018,73000[48000–120000],73000,48000,120000,Africa
Bhutan, 2018,1300[700–2700],1300,700,2700,South-East Asia
Bolivia (Plurinational State of), 2018,22000[20000–24000],22000,20000,24000,Americas
Bosnia and Herzegovina, 2018,500[500–500],500,500,500,Europe
Botswana, 2018,370000[330000–400000],370000,330000,400000,Africa
Brazil, 2018,900000[690000–1100000],900000,690000,1100000,Americas
Brunei Darussalam, 2018,na,,,,Western Pacific
Bulgaria, 2018,3500[3000–4100],3500,3000,4100,Europe
Burkina Faso, 2018,96000[78000–120000],96000,78000,120000,Africa
Burundi, 2018,82000[71000–97000],82000,71000,97000,Africa
Cabo Verde, 2018,2400[2100–2900],2400,2100,2900,Africa
Cambodia, 2018,73000[64000–84000],73000,64000,84000,Western Pacific
Cameroon, 2018,540000[470000–590000],540000,470000,590000,Africa
Canada, 2018,na,,,,Americas
Central African Republic, 2018,110000[90000–140000],110000,90000,140000,Africa
Chad, 2018,120000[94000–150000],120000,94000,150000,Africa
Chile, 2018,71000[63000–78000],71000,63000,78000,Americas
China, 2018,na,,,,Western Pacific
Colombia, 2018,160000[130000–180000],160000,130000,180000,Americas
Comoros, 2018,200[100–500],200,100,500,Africa
Congo, 2018,89000[69000–120000],89000,69000,120000,Americas
Costa Rica, 2018,15000[13000–17000],15000,13000,17000,Americas
Côte d'Ivoire, 2018,460000[360000–580000],460000,360000,580000,Africa
Croatia, 2018,1600[1400–1700],1600,1400,1700,Europe
Cuba, 2018,31000[24000–37000],31000,24000,37000,Americas
Cyprus, 2018,na,,,,Europe
Czechia, 2018,4400[3700–5000],4400,3700,5000,Europe
Democratic People's Republic of Korea, 2018,na,,,,Western Pacific
Democratic Republic of the Congo, 2018,450000[370000–530000],450000,370000,530000,Africa
Denmark, 2018,6200[5600–7000],6200,5600,7000,Europe
Djibouti, 2018,8800[7100–11000],8800,7100,11000,Eastern Mediterranean
Dominican Republic, 2018,70000[54000–92000],70000,54000,92000,Americas
Ecuador, 2018,44000[29000–71000],44000,29000,71000,Americas
Egypt, 2018,22000[20000–24000],22000,20000,24000,Eastern Mediterranean
El Salvador, 2018,25000[21000–30000],25000,21000,30000,Americas
Equatorial Guinea, 2018,62000[50000–81000],62000,50000,81000,Africa
Eritrea, 2018,18000[13000–24000],18000,13000,24000,Africa
Estonia, 2018,7400[6600–8200],7400,6600,8200,Europe
Eswatini, 2018,210000[190000–220000],210000,190000,220000,Africa
Ethiopia, 2018,690000[530000–900000],690000,530000,900000,Africa
Fiji, 2018,na,,,,Western Pacific
Finland, 2018,4000[3100–4900],4000,3100,4900,Europe
France, 2018,180000[150000–210000],180000,150000,210000,Europe
Gabon, 2018,53000[43000–67000],53000,43000,67000,Africa
Gambia, 2018,26000[21000–33000],26000,21000,33000,Africa
Georgia, 2018,9400[8100–11000],9400,8100,11000,Europe
Germany, 2018,87000[71000–100000],87000,71000,100000,Europe
Ghana, 2018,330000[280000–390000],330000,280000,390000,Africa
Greece, 2018,na,,,,Europe
Guatemala, 2018,47000[43000–51000],47000,43000,51000,Americas
Guinea, 2018,120000[100000–140000],120000,100000,140000,Africa
Guinea-Bissau, 2018,44000[39000–49000],44000,39000,49000,Africa
Guyana, 2018,8200[7200–9400],8200,7200,9400,Americas
Haiti, 2018,160000[140000–180000],160000,140000,180000,Americas
Honduras, 2018,23000[18000–28000],23000,18000,28000,Americas
Hungary, 2018,3700[3200–4200],3700,3200,4200,Europe
Iceland, 2018,500[500–500],500,500,500,Europe
India, 2018,na,,,,South-East Asia
Indonesia, 2018,640000[550000–750000],640000,550000,750000,South-East Asia
Iran (Islamic Republic of), 2018,61000[34000–120000],61000,34000,120000,Eastern Mediterranean
Ireland, 2018,7200[6200–8000],7200,6200,8000,Europe
Israel, 2018,9000[8000–10000],9000,8000,10000,Europe
Italy, 2018,130000[110000–140000],130000,110000,140000,Europe
Jamaica, 2018,40000[35000–46000],40000,35000,46000,Americas
Japan, 2018,30000[25000–34000],30000,25000,34000,Western Pacific
Jordan, 2018,500[500–500],500,500,500,Eastern Mediterranean
Kazakhstan, 2018,26000[24000–27000],26000,24000,27000,Europe
Kenya, 2018,1600000[1300000–1900000],1600000,1300000,1900000,Africa
Kuwait, 2018,640[580–700],640,580,700,Eastern Mediterranean
Kyrgyzstan, 2018,8500[6500–12000],8500,6500,12000,Europe
Lao People's Democratic Republic, 2018,12000[11000–14000],12000,11000,14000,Western Pacific
Latvia, 2018,5300[4800–5900],5300,4800,5900,Europe
Lebanon, 2018,2500[2200–2800],2500,2200,2800,Eastern Mediterranean
Lesotho, 2018,340000[320000–360000],340000,320000,360000,Africa
Liberia, 2018,39000[36000–44000],39000,36000,44000,Africa
Libya, 2018,9200[8300–10000],9200,8300,10000,Eastern Mediterranean
Lithuania, 2018,na,,,,Europe
Luxembourg, 2018,1200[1000–1300],1200,1000,1300,Europe
Madagascar, 2018,39000[30000–55000],39000,30000,55000,Africa
Malawi, 2018,1000000[940000–1100000],1000000,940000,1100000,Africa
Malaysia, 2018,87000[77000–98000],87000,77000,98000,Western Pacific
Maldives, 2018,na,,,,South-East Asia
Mali, 2018,150000[120000–190000],150000,120000,190000,Africa
Malta, 2018,na,,,,Europe
Mauritania, 2018,5600[4500–7200],5600,4500,7200,Africa
Mauritius, 2018,13000[10000–15000],13000,10000,15000,Africa
Mexico, 2018,230000[200000–270000],230000,200000,270000,Americas
Mongolia, 2018,600[530–670],600,530,670,Western Pacific
Montenegro, 2018,500[500–500],500,500,500,Europe
Morocco, 2018,21000[17000–28000],21000,17000,28000,Eastern Mediterranean
Mozambique, 2018,2200000[1700000–2700000],2200000,1700000,2700000,Africa
Myanmar, 2018,240000[210000–270000],240000,210000,270000,South-East Asia
Namibia, 2018,200000[190000–220000],200000,190000,220000,Africa
Nepal, 2018,30000[26000–34000],30000,26000,34000,South-East Asia
Netherlands, 2018,na,,,,Europe
New Zealand, 2018,3600[3100–4200],3600,3100,4200,Western Pacific
Nicaragua, 2018,9400[7600–12000],9400,7600,12000,Americas
Niger, 2018,36000[30000–43000],36000,30000,43000,Africa
Nigeria, 2018,1900000[1400000–2600000],1900000,1400000,2600000,Africa
Norway, 2018,5800[5200–6300],5800,5200,6300,Europe
Oman, 2018,3200[2900–3600],3200,2900,3600,Eastern Mediterranean
Pakistan, 2018,160000[140000–190000],160000,140000,190000,Eastern Mediterranean
Panama, 2018,26000[24000–29000],26000,24000,29000,Americas
Papua New Guinea, 2018,45000[41000–50000],45000,41000,50000,Western Pacific
Paraguay, 2018,21000[16000–31000],21000,16000,31000,Americas
Peru, 2018,79000[58000–110000],79000,58000,110000,Americas
Philippines, 2018,77000[65000–90000],77000,65000,90000,Western Pacific
Poland, 2018,na,,,,Europe
Portugal, 2018,41000[36000–46000],41000,36000,46000,Europe
Qatar, 2018,na,,,,Eastern Mediterranean
Republic of Korea, 2018,na,,,,Western Pacific
Republic of Moldova, 2018,17000[14000–23000],17000,14000,23000,Europe
Republic of North Macedonia, 2018,500[500–520],500,500,520,Europe
Romania, 2018,18000[16000–20000],18000,16000,20000,Europe
Russian Federation, 2018,na,,,,Europe
Rwanda, 2018,220000[200000–250000],220000,200000,250000,Africa
Saudi Arabia, 2018,na,,,,Eastern Mediterranean
Senegal, 2018,42000[37000–47000],42000,37000,47000,Africa
Serbia, 2018,3000[2200–3800],3000,2200,3800,Europe
Sierra Leone, 2018,70000[56000–86000],70000,56000,86000,Africa
Singapore, 2018,7900[7200–8700],7900,7200,8700,Western Pacific
Slovakia, 2018,1200[910–1900],1200,910,1900,Europe
Slovenia, 2018,na,,,,Europe
Somalia, 2018,11000[8400–15000],11000,8400,15000,Eastern Mediterranean
South Africa, 2018,7700000[7100000–8300000],7700000,7100000,8300000,Africa
South Sudan, 2018,190000[140000–240000],190000,140000,240000,Africa
Spain, 2018,150000[130000–170000],150000,130000,170000,Europe
Sri Lanka, 2018,3500[3100–4000],3500,3100,4000,South-East Asia
Sudan, 2018,59000[26000–110000],59000,26000,110000,Eastern Mediterranean
Suriname, 2018,5600[3700–8100],5600,3700,8100,Americas
Sweden, 2018,na,,,,Europe
Switzerland, 2018,na,,,,Europe
Syrian Arab Republic, 2018,660[590–720],660,590,720,Eastern Mediterranean
Tajikistan, 2018,13000[11000–16000],13000,11000,16000,Europe
Thailand, 2018,480000[420000–550000],480000,420000,550000,South-East Asia
Timor-Leste, 2018,na,,,,South-East Asia
Togo, 2018,110000[100000–120000],110000,100000,120000,Africa
Trinidad and Tobago, 2018,na,,,,Americas
Tunisia, 2018,2800[1700–4400],2800,1700,4400,Eastern Mediterranean
Turkey, 2018,na,,,,Europe
Turkmenistan, 2018,na,,,,Europe
Uganda, 2018,1400000[1300000–1500000],1400000,1300000,1500000,Africa
Ukraine, 2018,240000[220000–260000],240000,220000,260000,Europe
United Arab Emirates, 2018,na,,,,Eastern Mediterranean
United Kingdom of Great Britain and Northern Ireland, 2018,na,,,,Europe
United Republic of Tanzania, 2018,1600000[1400000–1700000],1600000,1400000,1700000,Africa
United States of America, 2018,na,,,,Americas
Uruguay, 2018,14000[9900–19000],14000,9900,19000,Americas
Uzbekistan, 2018,52000[48000–56000],52000,48000,56000,Europe
Venezuela (Bolivarian Republic of), 2018,120000[100000–130000],120000,100000,130000,Americas
Viet Nam, 2018,230000[200000–260000],230000,200000,260000,Western Pacific
Yemen, 2018,11000[6500–18000],11000,6500,18000,Eastern Mediterranean
Zambia, 2018,1200000[1100000–1400000],1200000,1100000,1400000,Africa
Zimbabwe, 2018,1300000[1100000–1500000],1300000,1100000,1500000,Africa
Afghanistan, 2010,4200[2500–6200],4200,2500,6200,Eastern Mediterranean
Albania, 2010,na,,,,Europe
Algeria, 2010,7100[6600–7600],7100,6600,7600,Africa
Angola, 2010,220000[180000–250000],220000,180000,250000,Africa
Argentina, 2010,110000[96000–120000],110000,96000,120000,Americas
Armenia, 2010,3300[2800–4100],3300,2800,4100,Europe
Australia, 2010,21000[17000–23000],21000,17000,23000,Western Pacific
Austria, 2010,na,,,,Europe
Azerbaijan, 2010,na,,,,Europe
Bahamas, 2010,5800[5100–6600],5800,5100,6600,Americas
Bahrain, 2010,na,,,,Eastern Mediterranean
Bangladesh, 2010,7700[6600–8800],7700,6600,8800,South-East Asia
Barbados, 2010,2300[2100–2600],2300,2100,2600,Americas
Belarus, 2010,12000[10000–15000],12000,10000,15000,Europe
Belgium, 2010,na,,,,Europe
Belize, 2010,3700[3400–4100],3700,3400,4100,Americas
Benin, 2010,61000[41000–98000],61000,41000,98000,Africa
Bhutan, 2010,1300[590–2700],1300,590,2700,South-East Asia
Bolivia (Plurinational State of), 2010,23000[20000–25000],23000,20000,25000,Americas
Bosnia and Herzegovina, 2010,200[200–200],200,200,200,Europe
Botswana, 2010,340000[300000–360000],340000,300000,360000,Africa
Brazil, 2010,670000[520000–830000],670000,520000,830000,Americas
Brunei Darussalam, 2010,na,,,,Western Pacific
Bulgaria, 2010,1700[1600–1900],1700,1600,1900,Europe
Burkina Faso, 2010,110000[88000–130000],110000,88000,130000,Africa
Burundi, 2010,93000[79000–110000],93000,79000,110000,Africa
Cabo Verde, 2010,2100[1700–2600],2100,1700,2600,Africa
Cambodia, 2010,79000[68000–93000],79000,68000,93000,Western Pacific
Cameroon, 2010,520000[460000–560000],520000,460000,560000,Africa
Canada, 2010,na,,,,Americas
Central African Republic, 2010,140000[110000–160000],140000,110000,160000,Africa
Chad, 2010,99000[80000–120000],99000,80000,120000,Africa
Chile, 2010,39000[34000–43000],39000,34000,43000,Americas
China, 2010,na,,,,Western Pacific
Colombia, 2010,130000[100000–150000],130000,100000,150000,Americas
Comoros, 2010,200[100–500],200,100,500,Africa
Congo, 2010,82000[69000–95000],82000,69000,95000,Americas
Costa Rica, 2010,9300[8400–10000],9300,8400,10000,Americas
Côte d'Ivoire, 2010,480000[380000–610000],480000,380000,610000,Africa
Croatia, 2010,1000[930–1100],1000,930,1100,Europe
Cuba, 2010,17000[13000–21000],17000,13000,21000,Americas
Cyprus, 2010,na,,,,Europe
Czechia, 2010,1800[1500–2000],1800,1500,2000,Europe
Democratic People's Republic of Korea, 2010,na,,,,Western Pacific
Democratic Republic of the Congo, 2010,480000[400000–560000],480000,400000,560000,Africa
Denmark, 2010,5500[5000–6200],5500,5000,6200,Europe
Djibouti, 2010,9400[7700–11000],9400,7700,11000,Eastern Mediterranean
Dominican Republic, 2010,72000[54000–91000],72000,54000,91000,Americas
Ecuador, 2010,34000[22000–57000],34000,22000,57000,Americas
Egypt, 2010,6800[6100–7400],6800,6100,7400,Eastern Mediterranean
El Salvador, 2010,26000[20000–31000],26000,20000,31000,Americas
Equatorial Guinea, 2010,35000[29000–41000],35000,29000,41000,Africa
Eritrea, 2010,17000[13000–22000],17000,13000,22000,Africa
Estonia, 2010,6000[5100–6700],6000,5100,6700,Europe
Eswatini, 2010,160000[150000–170000],160000,150000,170000,Africa
Ethiopia, 2010,630000[480000–830000],630000,480000,830000,Africa
Fiji, 2010,na,,,,Western Pacific
Finland, 2010,2700[2200–3500],2700,2200,3500,Europe
France, 2010,140000[120000–160000],140000,120000,160000,Europe
Gabon, 2010,43000[36000–51000],43000,36000,51000,Africa
Gambia, 2010,18000[15000–23000],18000,15000,23000,Africa
Georgia, 2010,5600[4500–6700],5600,4500,6700,Europe
Germany, 2010,69000[57000–81000],69000,57000,81000,Europe
Ghana, 2010,300000[250000–340000],300000,250000,340000,Africa
Greece, 2010,na,,,,Europe
Guatemala, 2010,49000[44000–53000],49000,44000,53000,Americas
Guinea, 2010,100000[90000–120000],100000,90000,120000,Africa
Guinea-Bissau, 2010,38000[34000–42000],38000,34000,42000,Africa
Guyana, 2010,6700[6000–7400],6700,6000,7400,Americas
Haiti, 2010,140000[130000–160000],140000,130000,160000,Americas
Honduras, 2010,26000[21000–32000],26000,21000,32000,Americas
Hungary, 2010,2000[1800–2300],2000,1800,2300,Europe
Iceland, 2010,500[200–500],500,200,500,Europe
India, 2010,na,,,,South-East Asia
Indonesia, 2010,510000[450000–590000],510000,450000,590000,South-East Asia
Iran (Islamic Republic of), 2010,50000[37000–70000],50000,37000,70000,Eastern Mediterranean
Ireland, 2010,4800[4200–5400],4800,4200,5400,Europe
Israel, 2010,6000[5400–6800],6000,5400,6800,Europe
Italy, 2010,110000[92000–120000],110000,92000,120000,Europe
Jamaica, 2010,37000[32000–42000],37000,32000,42000,Americas
Japan, 2010,19000[16000–22000],19000,16000,22000,Western Pacific
Jordan, 2010,200[200–500],200,200,500,Eastern Mediterranean
Kazakhstan, 2010,11000[10000–11000],11000,10000,11000,Europe
Kenya, 2010,1500000[1200000–1800000],1500000,1200000,1800000,Africa
Kuwait, 2010,500[500–500],500,500,500,Eastern Mediterranean
Kyrgyzstan, 2010,4100[3200–5500],4100,3200,5500,Europe
Lao People's Democratic Republic, 2010,9900[8800–11000],9900,8800,11000,Western Pacific
Latvia, 2010,4000[3500–4500],4000,3500,4500,Europe
Lebanon, 2010,1600[1400–1800],1600,1400,1800,Eastern Mediterranean
Lesotho, 2010,300000[280000–320000],300000,280000,320000,Africa
Liberia, 2010,41000[37000–46000],41000,37000,46000,Africa
Libya, 2010,6100[5600–6500],6100,5600,6500,Eastern Mediterranean
Lithuania, 2010,na,,,,Europe
Luxembourg, 2010,700[620–780],700,620,780,Europe
Madagascar, 2010,21000[18000–24000],21000,18000,24000,Africa
Malawi, 2010,870000[770000–960000],870000,770000,960000,Africa
Malaysia, 2010,74000[65000–86000],74000,65000,86000,Western Pacific
Maldives, 2010,na,,,,South-East Asia
Mali, 2010,120000[94000–140000],120000,94000,140000,Africa
Malta, 2010,na,,,,Europe
Mauritania, 2010,7100[5900–8400],7100,5900,8400,Africa
Mauritius, 2010,11000[9500–12000],11000,9500,12000,Africa
Mexico, 2010,180000[150000–210000],180000,150000,210000,Americas
Mongolia, 2010,500[500–500],500,500,500,Western Pacific
Montenegro, 2010,200[200–200],200,200,200,Europe
Morocco, 2010,17000[13000–22000],17000,13000,22000,Eastern Mediterranean
Mozambique, 2010,1600000[1300000–1900000],1600000,1300000,1900000,Africa
Myanmar, 2010,220000[190000–260000],220000,190000,260000,South-East Asia
Namibia, 2010,170000[160000–180000],170000,160000,180000,Africa
Nepal, 2010,31000[27000–36000],31000,27000,36000,South-East Asia
Netherlands, 2010,20000[19000–21000],20000,19000,21000,Europe
New Zealand, 2010,2500[2100–2800],2500,2100,2800,Western Pacific
Nicaragua, 2010,7900[6500–10000],7900,6500,10000,Americas
Niger, 2010,37000[32000–42000],37000,32000,42000,Africa
Nigeria, 2010,1500000[1100000–2100000],1500000,1100000,2100000,Africa
Norway, 2010,4200[3800–4600],4200,3800,4600,Europe
Oman, 2010,2200[2000–2500],2200,2000,2500,Eastern Mediterranean
Pakistan, 2010,67000[57000–76000],67000,57000,76000,Eastern Mediterranean
Panama, 2010,20000[18000–22000],20000,18000,22000,Americas
Papua New Guinea, 2010,38000[34000–42000],38000,34000,42000,Western Pacific
Paraguay, 2010,20000[14000–27000],20000,14000,27000,Americas
Peru, 2010,65000[49000–91000],65000,49000,91000,Americas
Philippines, 2010,15000[13000–18000],15000,13000,18000,Western Pacific
Poland, 2010,na,,,,Europe
Portugal, 2010,40000[35000–45000],40000,35000,45000,Europe
Qatar, 2010,na,,,,Eastern Mediterranean
Republic of Korea, 2010,na,,,,Western Pacific
Republic of Moldova, 2010,16000[12000–20000],16000,12000,20000,Europe
Republic of North Macedonia, 2010,200[200–200],200,200,200,Europe
Romania, 2010,14000[12000–15000],14000,12000,15000,Europe
Russian Federation, 2010,na,,,,Europe
Rwanda, 2010,220000[200000–250000],220000,200000,250000,Africa
Saudi Arabia, 2010,na,,,,Eastern Mediterranean
Senegal, 2010,44000[39000–50000],44000,39000,50000,Africa
Serbia, 2010,1800[1300–2200],1800,1300,2200,Europe
Sierra Leone, 2010,58000[48000–70000],58000,48000,70000,Africa
Singapore, 2010,6500[5700–7300],6500,5700,7300,Western Pacific
Slovakia, 2010,500[500–730],500,500,730,Europe
Slovenia, 2010,na,,,,Europe
Somalia, 2010,17000[15000–20000],17000,15000,20000,Eastern Mediterranean
South Africa, 2010,6100000[5500000–6600000],6100000,5500000,6600000,Africa
South Sudan, 2010,140000[110000–170000],140000,110000,170000,Africa
Spain, 2010,140000[120000–150000],140000,120000,150000,Europe
Sri Lanka, 2010,4000[3400–4700],4000,3400,4700,South-East Asia
Sudan, 2010,43000[36000–51000],43000,36000,51000,Eastern Mediterranean
Suriname, 2010,4600[3300–6200],4600,3300,6200,Americas
Sweden, 2010,na,,,,Europe
Switzerland, 2010,na,,,,Europe
Syrian Arab Republic, 2010,570[510–630],570,510,630,Eastern Mediterranean
Tajikistan, 2010,9200[7500–11000],9200,7500,11000,Europe
Thailand, 2010,580000[490000–690000],580000,490000,690000,South-East Asia
Timor-Leste, 2010,na,,,,South-East Asia
Togo, 2010,100000[96000–110000],100000,96000,110000,Africa
Trinidad and Tobago, 2010,na,,,,Americas
Tunisia, 2010,1400[980–2200],1400,980,2200,Eastern Mediterranean
Turkey, 2010,na,,,,Europe
Turkmenistan, 2010,na,,,,Europe
Uganda, 2010,1200000[1100000–1300000],1200000,1100000,1300000,Africa
Ukraine, 2010,230000[220000–250000],230000,220000,250000,Europe
United Arab Emirates, 2010,na,,,,Eastern Mediterranean
United Kingdom of Great Britain and Northern Ireland, 2010,na,,,,Europe
United Republic of Tanzania, 2010,1300000[1100000–1400000],1300000,1100000,1400000,Africa
United States of America, 2010,990000[880000–1100000],990000,880000,1100000,Americas
Uruguay, 2010,9600[8000–11000],9600,8000,11000,Americas
Uzbekistan, 2010,30000[27000–32000],30000,27000,32000,Europe
Venezuela (Bolivarian Republic of), 2010,na,,,,Americas
Viet Nam, 2010,220000[180000–250000],220000,180000,250000,Western Pacific
Yemen, 2010,5100[3500–7400],5100,3500,7400,Eastern Mediterranean
Zambia, 2010,1000000[900000–1100000],1000000,900000,1100000,Africa
Zimbabwe, 2010,1200000[1100000–1400000],1200000,1100000,1400000,Africa
Afghanistan, 2005,2900[1700–5000],2900,1700,5000,Eastern Mediterranean
Albania, 2005,na,,,,Europe
Algeria, 2005,3700[3500–4000],3700,3500,4000,Africa
Angola, 2005,150000[120000–170000],150000,120000,170000,Africa
Argentina, 2005,85000[76000–94000],85000,76000,94000,Americas
Armenia, 2005,2700[2000–3500],2700,2000,3500,Europe
Australia, 2005,16000[14000–19000],16000,14000,19000,Western Pacific
Austria, 2005,na,,,,Europe
Azerbaijan, 2005,na,,,,Europe
Bahamas, 2005,5100[4400–6000],5100,4400,6000,Americas
Bahrain, 2005,na,,,,Eastern Mediterranean
Bangladesh, 2005,4000[3500–4600],4000,3500,4600,South-East Asia
Barbados, 2005,1700[1500–1900],1700,1500,1900,Americas
Belarus, 2005,5400[4500–6700],5400,4500,6700,Europe
Belgium, 2005,na,,,,Europe
Belize, 2005,2800[2600–3100],2800,2600,3100,Americas
Benin, 2005,56000[37000–90000],56000,37000,90000,Africa
Bhutan, 2005,1100[500–2000],1100,500,2000,South-East Asia
Bolivia (Plurinational State of), 2005,26000[24000–28000],26000,24000,28000,Americas
Bosnia and Herzegovina, 2005,200[100–200],200,100,200,Europe
Botswana, 2005,310000[280000–330000],310000,280000,330000,Africa
Brazil, 2005,550000[420000–680000],550000,420000,680000,Americas
Brunei Darussalam, 2005,na,,,,Western Pacific
Bulgaria, 2005,980[910–1100],980,910,1100,Europe
Burkina Faso, 2005,120000[95000–140000],120000,95000,140000,Africa
Burundi, 2005,110000[88000–120000],110000,88000,120000,Africa
Cabo Verde, 2005,1800[1400–2700],1800,1400,2700,Africa
Cambodia, 2005,82000[70000–97000],82000,70000,97000,Western Pacific
Cameroon, 2005,470000[430000–500000],470000,430000,500000,Africa
Canada, 2005,na,,,,Americas
Central African Republic, 2005,150000[130000–170000],150000,130000,170000,Africa
Chad, 2005,88000[69000–110000],88000,69000,110000,Africa
Chile, 2005,25000[22000–27000],25000,22000,27000,Americas
China, 2005,na,,,,Western Pacific
Colombia, 2005,120000[98000–140000],120000,98000,140000,Americas
Comoros, 2005,100[100–200],100,100,200,Africa
Congo, 2005,77000[63000–90000],77000,63000,90000,Americas
Costa Rica, 2005,6500[5800–7200],6500,5800,7200,Americas
Côte d'Ivoire, 2005,510000[410000–650000],510000,410000,650000,Africa
Croatia, 2005,710[630–800],710,630,800,Europe
Cuba, 2005,9000[6700–11000],9000,6700,11000,Americas
Cyprus, 2005,na,,,,Europe
Czechia, 2005,970[820–1100],970,820,1100,Europe
Democratic People's Republic of Korea, 2005,na,,,,Western Pacific
Democratic Republic of the Congo, 2005,510000[430000–590000],510000,430000,590000,Africa
Denmark, 2005,4900[4500–5500],4900,4500,5500,Europe
Djibouti, 2005,11000[9000–13000],11000,9000,13000,Eastern Mediterranean
Dominican Republic, 2005,79000[61000–100000],79000,61000,100000,Americas
Ecuador, 2005,29000[19000–49000],29000,19000,49000,Americas
Egypt, 2005,3200[2800–3500],3200,2800,3500,Eastern Mediterranean
El Salvador, 2005,23000[17000–28000],23000,17000,28000,Americas
Equatorial Guinea, 2005,22000[17000–28000],22000,17000,28000,Africa
Eritrea, 2005,17000[13000–22000],17000,13000,22000,Africa
Estonia, 2005,5400[4600–6000],5400,4600,6000,Europe
Eswatini, 2005,130000[120000–140000],130000,120000,140000,Africa
Ethiopia, 2005,640000[490000–840000],640000,490000,840000,Africa
Fiji, 2005,na,,,,Western Pacific
Finland, 2005,1900[1500–2400],1900,1500,2400,Europe
France, 2005,110000[95000–130000],110000,95000,130000,Europe
Gabon, 2005,35000[27000–43000],35000,27000,43000,Africa
Gambia, 2005,15000[11000–19000],15000,11000,19000,Africa
Georgia, 2005,2800[2300–3400],2800,2300,3400,Europe
Germany, 2005,56000[46000–65000],56000,46000,65000,Europe
Ghana, 2005,280000[240000–320000],280000,240000,320000,Africa
Greece, 2005,na,,,,Europe
Guatemala, 2005,48000[44000–51000],48000,44000,51000,Americas
Guinea, 2005,93000[81000–110000],93000,81000,110000,Africa
Guinea-Bissau, 2005,31000[28000–35000],31000,28000,35000,Africa
Guyana, 2005,5000[4400–5700],5000,4400,5700,Americas
Haiti, 2005,140000[120000–160000],140000,120000,160000,Americas
Honduras, 2005,31000[24000–38000],31000,24000,38000,Americas
Hungary, 2005,1200[1000–1300],1200,1000,1300,Europe
Iceland, 2005,200[200–200],200,200,200,Europe
India, 2005,na,,,,South-East Asia
Indonesia, 2005,290000[260000–330000],290000,260000,330000,South-East Asia
Iran (Islamic Republic of), 2005,37000[25000–56000],37000,25000,56000,Eastern Mediterranean
Ireland, 2005,3200[2800–3600],3200,2800,3600,Europe
Israel, 2005,4100[3700–4600],4100,3700,4600,Europe
Italy, 2005,89000[76000–100000],89000,76000,100000,Europe
Jamaica, 2005,38000[33000–42000],38000,33000,42000,Americas
Japan, 2005,12000[9700–14000],12000,9700,14000,Western Pacific
Jordan, 2005,200[200–200],200,200,200,Eastern Mediterranean
Kazakhstan, 2005,4000[3800–4300],4000,3800,4300,Europe
Kenya, 2005,1500000[1300000–1900000],1500000,1300000,1900000,Africa
Kuwait, 2005,500[500–500],500,500,500,Eastern Mediterranean
Kyrgyzstan, 2005,1500[1300–1900],1500,1300,1900,Europe
Lao People's Democratic Republic, 2005,6700[6000–7500],6700,6000,7500,Western Pacific
Latvia, 2005,3200[2900–3600],3200,2900,3600,Europe
Lebanon, 2005,1300[1100–1400],1300,1100,1400,Eastern Mediterranean
Lesotho, 2005,280000[260000–300000],280000,260000,300000,Africa
Liberia, 2005,41000[38000–45000],41000,38000,45000,Africa
Libya, 2005,2900[2700–3100],2900,2700,3100,Eastern Mediterranean
Lithuania, 2005,na,,,,Europe
Luxembourg, 2005,500[500–540],500,500,540,Europe
Madagascar, 2005,19000[15000–23000],19000,15000,23000,Africa
Malawi, 2005,820000[720000–900000],820000,720000,900000,Africa
Malaysia, 2005,66000[57000–77000],66000,57000,77000,Western Pacific
Maldives, 2005,na,,,,South-East Asia
Mali, 2005,110000[91000–130000],110000,91000,130000,Africa
Malta, 2005,na,,,,Europe
Mauritania, 2005,7500[6400–8800],7500,6400,8800,Africa
Mauritius, 2005,8000[6100–11000],8000,6100,11000,Africa
Mexico, 2005,150000[120000–200000],150000,120000,200000,Americas
Mongolia, 2005,500[200–500],500,200,500,Western Pacific
Montenegro, 2005,100[100–100],100,100,100,Europe
Morocco, 2005,13000[11000–18000],13000,11000,18000,Eastern Mediterranean
Mozambique, 2005,1200000[980000–1500000],1200000,980000,1500000,Africa
Myanmar, 2005,210000[180000–240000],210000,180000,240000,South-East Asia
Namibia, 2005,160000[140000–170000],160000,140000,170000,Africa
Nepal, 2005,29000[25000–33000],29000,25000,33000,South-East Asia
Netherlands, 2005,16000[15000–17000],16000,15000,17000,Europe
New Zealand, 2005,1800[1600–2100],1800,1600,2100,Western Pacific
Nicaragua, 2005,6100[4600–8300],6100,4600,8300,Americas
Niger, 2005,40000[34000–46000],40000,34000,46000,Africa
Nigeria, 2005,1400000[1000000–1900000],1400000,1000000,1900000,Africa
Norway, 2005,3000[2700–3300],3000,2700,3300,Europe
Oman, 2005,1700[1600–1900],1700,1600,1900,Eastern Mediterranean
Pakistan, 2005,12000[10000–14000],12000,10000,14000,Eastern Mediterranean
Panama, 2005,16000[14000–17000],16000,14000,17000,Americas
Papua New Guinea, 2005,38000[34000–42000],38000,34000,42000,Western Pacific
Paraguay, 2005,19000[14000–25000],19000,14000,25000,Americas
Peru, 2005,65000[50000–91000],65000,50000,91000,Americas
Philippines, 2005,3700[3100–4300],3700,3100,4300,Western Pacific
Poland, 2005,na,,,,Europe
Portugal, 2005,37000[33000–42000],37000,33000,42000,Europe
Qatar, 2005,na,,,,Eastern Mediterranean
Republic of Korea, 2005,na,,,,Western Pacific
Republic of Moldova, 2005,12000[9600–16000],12000,9600,16000,Europe
Republic of North Macedonia, 2005,100[100–200],100,100,200,Europe
Romania, 2005,11000[9800–12000],11000,9800,12000,Europe
Russian Federation, 2005,na,,,,Europe
Rwanda, 2005,220000[190000–250000],220000,190000,250000,Africa
Saudi Arabia, 2005,na,,,,Eastern Mediterranean
Senegal, 2005,42000[38000–48000],42000,38000,48000,Africa
Serbia, 2005,1100[750–1500],1100,750,1500,Europe
Sierra Leone, 2005,51000[42000–61000],51000,42000,61000,Africa
Singapore, 2005,4100[3500–4700],4100,3500,4700,Western Pacific
Slovakia, 2005,500[200–500],500,200,500,Europe
Slovenia, 2005,na,,,,Europe
Somalia, 2005,20000[18000–23000],20000,18000,23000,Eastern Mediterranean
South Africa, 2005,5000000[4400000–5400000],5000000,4400000,5400000,Africa
South Sudan, 2005,120000[89000–150000],120000,89000,150000,Africa
Spain, 2005,120000[100000–130000],120000,100000,130000,Europe
Sri Lanka, 2005,3600[3100–4100],3600,3100,4100,South-East Asia
Sudan, 2005,29000[20000–40000],29000,20000,40000,Eastern Mediterranean
Suriname, 2005,4000[3000–5600],4000,3000,5600,Americas
Sweden, 2005,na,,,,Europe
Switzerland, 2005,na,,,,Europe
Syrian Arab Republic, 2005,500[500–500],500,500,500,Eastern Mediterranean
Tajikistan, 2005,5200[3700–6900],5200,3700,6900,Europe
Thailand, 2005,630000[510000–780000],630000,510000,780000,South-East Asia
Timor-Leste, 2005,na,,,,South-East Asia
Togo, 2005,100000[94000–110000],100000,94000,110000,Africa
Trinidad and Tobago, 2005,na,,,,Americas
Tunisia, 2005,640[500–1100],640,500,1100,Eastern Mediterranean
Turkey, 2005,na,,,,Europe
Turkmenistan, 2005,na,,,,Europe
Uganda, 2005,1100000[1000000–1100000],1100000,1000000,1100000,Africa
Ukraine, 2005,230000[220000–240000],230000,220000,240000,Europe
United Arab Emirates, 2005,na,,,,Eastern Mediterranean
United Kingdom of Great Britain and Northern Ireland, 2005,na,,,,Europe
United Republic of Tanzania, 2005,1200000[1000000–1300000],1200000,1000000,1300000,Africa
United States of America, 2005,na,,,,Americas
Uruguay, 2005,7600[6200–10000],7600,6200,10000,Americas
Uzbekistan, 2005,21000[19000–23000],21000,19000,23000,Europe
Venezuela (Bolivarian Republic of), 2005,na,,,,Americas
Viet Nam, 2005,180000[160000–210000],180000,160000,210000,Western Pacific
Yemen, 2005,2400[1500–4000],2400,1500,4000,Eastern Mediterranean
Zambia, 2005,920000[820000–1000000],920000,820000,1000000,Africa
Zimbabwe, 2005,1400000[1200000–1600000],1400000,1200000,1600000,Africa
Afghanistan, 2000,1600[1000–3500],1600,1000,3500,Eastern Mediterranean
Albania, 2000,na,,,,Europe
Algeria, 2000,1900[1700–2000],1900,1700,2000,Africa
Angola, 2000,87000[72000–110000],87000,72000,110000,Africa
Argentina, 2000,64000[55000–71000],64000,55000,71000,Americas
Armenia, 2000,950[580–1600],950,580,1600,Europe
Australia, 2000,13000[11000–15000],13000,11000,15000,Western Pacific
Austria, 2000,na,,,,Europe
Azerbaijan, 2000,na,,,,Europe
Bahamas, 2000,5100[4400–5900],5100,4400,5900,Americas
Bahrain, 2000,na,,,,Eastern Mediterranean
Bangladesh, 2000,940[800–1100],940,800,1100,South-East Asia
Barbados, 2000,1100[1000–1300],1100,1000,1300,Americas
Belarus, 2000,1400[1100–1900],1400,1100,1900,Europe
Belgium, 2000,na,,,,Europe
Belize, 2000,1700[1600–1800],1700,1600,1800,Americas
Benin, 2000,47000[31000–75000],47000,31000,75000,Africa
Bhutan, 2000,530[200–970],530,200,970,South-East Asia
Bolivia (Plurinational State of), 2000,21000[20000–23000],21000,20000,23000,Americas
Bosnia and Herzegovina, 2000,100[100–100],100,100,100,Europe
Botswana, 2000,280000[270000–300000],280000,270000,300000,Africa
Brazil, 2000,410000[320000–510000],410000,320000,510000,Americas
Brunei Darussalam, 2000,na,,,,Western Pacific
Bulgaria, 2000,500[500–500],500,500,500,Europe
Burkina Faso, 2000,140000[110000–170000],140000,110000,170000,Africa
Burundi, 2000,130000[110000–150000],130000,110000,150000,Africa
Cabo Verde, 2000,1600[1200–2500],1600,1200,2500,Africa
Cambodia, 2000,81000[73000–91000],81000,73000,91000,Western Pacific
Cameroon, 2000,370000[350000–410000],370000,350000,410000,Africa
Canada, 2000,na,,,,Americas
Central African Republic, 2000,160000[130000–190000],160000,130000,190000,Africa
Chad, 2000,80000[60000–100000],80000,60000,100000,Africa
Chile, 2000,14000[13000–16000],14000,13000,16000,Americas
China, 2000,na,,,,Western Pacific
Colombia, 2000,110000[91000–130000],110000,91000,130000,Americas
Comoros, 2000,100[100–100],100,100,100,Africa
Congo, 2000,80000[64000–96000],80000,64000,96000,Americas
Costa Rica, 2000,4300[3700–4700],4300,3700,4700,Americas
Côte d'Ivoire, 2000,590000[470000–740000],590000,470000,740000,Africa
Croatia, 2000,500[500–500],500,500,500,Europe
Cuba, 2000,4100[2900–5000],4100,2900,5000,Americas
Cyprus, 2000,na,,,,Europe
Czechia, 2000,510[500–580],510,500,580,Europe
Democratic People's Republic of Korea, 2000,na,,,,Western Pacific
Democratic Republic of the Congo, 2000,540000[470000–610000],540000,470000,610000,Africa
Denmark, 2000,4000[3600–4600],4000,3600,4600,Europe
Djibouti, 2000,9400[7200–12000],9400,7200,12000,Eastern Mediterranean
Dominican Republic, 2000,85000[62000–120000],85000,62000,120000,Americas
Ecuador, 2000,26000[15000–46000],26000,15000,46000,Americas
Egypt, 2000,1500[1400–1600],1500,1400,1600,Eastern Mediterranean
El Salvador, 2000,18000[14000–23000],18000,14000,23000,Americas
Equatorial Guinea, 2000,13000[9200–18000],13000,9200,18000,Africa
Eritrea, 2000,16000[12000–20000],16000,12000,20000,Africa
Estonia, 2000,3400[2900–3900],3400,2900,3900,Europe
Eswatini, 2000,110000[98000–120000],110000,98000,120000,Africa
Ethiopia, 2000,750000[570000–980000],750000,570000,980000,Africa
Fiji, 2000,na,,,,Western Pacific
Finland, 2000,1100[850–1400],1100,850,1400,Europe
France, 2000,82000[69000–97000],82000,69000,97000,Europe
Gabon, 2000,28000[20000–38000],28000,20000,38000,Africa
Gambia, 2000,9900[7200–13000],9900,7200,13000,Africa
Georgia, 2000,980[720–1300],980,720,1300,Europe
Germany, 2000,45000[37000–54000],45000,37000,54000,Europe
Ghana, 2000,270000[240000–300000],270000,240000,300000,Africa
Greece, 2000,na,,,,Europe
Guatemala, 2000,44000[41000–47000],44000,41000,47000,Americas
Guinea, 2000,83000[67000–100000],83000,67000,100000,Africa
Guinea-Bissau, 2000,22000[20000–25000],22000,20000,25000,Africa
Guyana, 2000,2300[1600–3100],2300,1600,3100,Americas
Haiti, 2000,150000[130000–180000],150000,130000,180000,Americas
Honduras, 2000,40000[34000–49000],40000,34000,49000,Americas
Hungary, 2000,830[700–950],830,700,950,Europe
Iceland, 2000,100[100–200],100,100,200,Europe
India, 2000,na,,,,South-East Asia
Indonesia, 2000,80000[72000–89000],80000,72000,89000,South-East Asia
Iran (Islamic Republic of), 2000,16000[7900–35000],16000,7900,35000,Eastern Mediterranean
Ireland, 2000,1900[1700–2200],1900,1700,2200,Europe
Israel, 2000,2700[2400–3100],2700,2400,3100,Europe
Italy, 2000,68000[57000–78000],68000,57000,78000,Europe
Jamaica, 2000,41000[37000–46000],41000,37000,46000,Americas
Japan, 2000,6200[5100–7200],6200,5100,7200,Western Pacific
Jordan, 2000,100[100–200],100,100,200,Eastern Mediterranean
Kazakhstan, 2000,1100[1100–1200],1100,1100,1200,Europe
Kenya, 2000,1700000[1400000–2000000],1700000,1400000,2000000,Africa
Kuwait, 2000,200[200–200],200,200,200,Eastern Mediterranean
Kyrgyzstan, 2000,710[580–840],710,580,840,Europe
Lao People's Democratic Republic, 2000,2200[2000–2400],2200,2000,2400,Western Pacific
Latvia, 2000,2300[2200–2500],2300,2200,2500,Europe
Lebanon, 2000,910[790–1000],910,790,1000,Eastern Mediterranean
Lesotho, 2000,260000[240000–290000],260000,240000,290000,Africa
Liberia, 2000,43000[41000–45000],43000,41000,45000,Africa
Libya, 2000,950[870–1000],950,870,1000,Eastern Mediterranean
Lithuania, 2000,na,,,,Europe
Luxembourg, 2000,500[500–500],500,500,500,Europe
Madagascar, 2000,13000[7900–20000],13000,7900,20000,Africa
Malawi, 2000,810000[740000–860000],810000,740000,860000,Africa
Malaysia, 2000,55000[48000–65000],55000,48000,65000,Western Pacific
Maldives, 2000,na,,,,South-East Asia
Mali, 2000,110000[91000–130000],110000,91000,130000,Africa
Malta, 2000,na,,,,Europe
Mauritania, 2000,5500[4500–6500],5500,4500,6500,Africa
Mauritius, 2000,3200[1500–6000],3200,1500,6000,Africa
Mexico, 2000,130000[94000–190000],130000,94000,190000,Americas
Mongolia, 2000,100[100–100],100,100,100,Western Pacific
Montenegro, 2000,100[100–100],100,100,100,Europe
Morocco, 2000,9700[7800–13000],9700,7800,13000,Eastern Mediterranean
Mozambique, 2000,840000[670000–1000000],840000,670000,1000000,Africa
Myanmar, 2000,150000[130000–170000],150000,130000,170000,South-East Asia
Namibia, 2000,140000[130000–160000],140000,130000,160000,Africa
Nepal, 2000,16000[14000–17000],16000,14000,17000,South-East Asia
Netherlands, 2000,11000[11000–12000],11000,11000,12000,Europe
New Zealand, 2000,1300[1100–1500],1300,1100,1500,Western Pacific
Nicaragua, 2000,3600[2100–5300],3600,2100,5300,Americas
Niger, 2000,37000[31000–44000],37000,31000,44000,Africa
Nigeria, 2000,1300000[940000–1700000],1300000,940000,1700000,Africa
Norway, 2000,1900[1700–2100],1900,1700,2100,Europe
Oman, 2000,1300[1100–1400],1300,1100,1400,Eastern Mediterranean
Pakistan, 2000,500[500–520],500,500,520,Eastern Mediterranean
Panama, 2000,11000[10000–12000],11000,10000,12000,Americas
Papua New Guinea, 2000,20000[17000–25000],20000,17000,25000,Western Pacific
Paraguay, 2000,14000[7100–21000],14000,7100,21000,Americas
Peru, 2000,71000[56000–94000],71000,56000,94000,Americas
Philippines, 2000,1000[910–1200],1000,910,1200,Western Pacific
Poland, 2000,na,,,,Europe
Portugal, 2000,32000[27000–37000],32000,27000,37000,Europe
Qatar, 2000,na,,,,Eastern Mediterranean
Republic of Korea, 2000,na,,,,Western Pacific
Republic of Moldova, 2000,10000[8000–13000],10000,8000,13000,Europe
Republic of North Macedonia, 2000,100[100–100],100,100,100,Europe
Romania, 2000,7500[6900–8100],7500,6900,8100,Europe
Russian Federation, 2000,na,,,,Europe
Rwanda, 2000,240000[220000–280000],240000,220000,280000,Africa
Saudi Arabia, 2000,na,,,,Eastern Mediterranean
Senegal, 2000,33000[29000–39000],33000,29000,39000,Africa
Serbia, 2000,1000[660–1400],1000,660,1400,Europe
Sierra Leone, 2000,40000[31000–50000],40000,31000,50000,Africa
Singapore, 2000,2900[2600–3300],2900,2600,3300,Western Pacific
Slovakia, 2000,200[100–200],200,100,200,Europe
Slovenia, 2000,na,,,,Europe
Somalia, 2000,16000[14000–20000],16000,14000,20000,Eastern Mediterranean
South Africa, 2000,3300000[2900000–3700000],3300000,2900000,3700000,Africa
South Sudan, 2000,90000[56000–120000],90000,56000,120000,Africa
Spain, 2000,92000[78000–110000],92000,78000,110000,Europe
Sri Lanka, 2000,2200[1900–2400],2200,1900,2400,South-East Asia
Sudan, 2000,15000[7500–29000],15000,7500,29000,Eastern Mediterranean
Suriname, 2000,3100[2300–4400],3100,2300,4400,Americas
Sweden, 2000,na,,,,Europe
Switzerland, 2000,na,,,,Europe
Syrian Arab Republic, 2000,500[500–500],500,500,500,Eastern Mediterranean
Tajikistan, 2000,1400[780–2700],1400,780,2700,Europe
Thailand, 2000,740000[610000–890000],740000,610000,890000,South-East Asia
Timor-Leste, 2000,na,,,,South-East Asia
Togo, 2000,94000[87000–100000],94000,87000,100000,Africa
Trinidad and Tobago, 2000,na,,,,Americas
Tunisia, 2000,500[200–710],500,200,710,Eastern Mediterranean
Turkey, 2000,na,,,,Europe
Turkmenistan, 2000,na,,,,Europe
Uganda, 2000,1000000[930000–1100000],1000000,930000,1100000,Africa
Ukraine, 2000,170000[150000–180000],170000,150000,180000,Europe
United Arab Emirates, 2000,na,,,,Eastern Mediterranean
United Kingdom of Great Britain and Northern Ireland, 2000,na,,,,Europe
United Republic of Tanzania, 2000,1100000[1000000–1200000],1100000,1000000,1200000,Africa
United States of America, 2000,na,,,,Americas
Uruguay, 2000,6000[4200–12000],6000,4200,12000,Americas
Uzbekistan, 2000,14000[13000–16000],14000,13000,16000,Europe
Venezuela (Bolivarian Republic of), 2000,na,,,,Americas
Viet Nam, 2000,120000[110000–130000],120000,110000,130000,Western Pacific
Yemen, 2000,1100[680–2500],1100,680,2500,Eastern Mediterranean
Zambia, 2000,890000[800000–1000000],890000,800000,1000000,Africa
Zimbabwe, 2000,1600000[1400000–1900000],1600000,1400000,1900000,Africa
